created_at,text,tweet_id,user_id,user_location,user_name
Tue Jan 03 09:18:44 +0000 2023,"@LaureGonlezamar Jean Lassalle depuis qu'il a failli mourir du poison et qu'il s'est rendu compte qu'il √©tait le seul √† l'avoir pris, √ßa l'a un peu mis de travers..",1610204002377142274,1021721691507122177,,Kowalski Walt
Tue Jan 03 09:08:17 +0000 2023,"@bayrou \"victime dimanche d‚Äôune attaque cardiovasculaire\".
Tiens, tu peux nous dire s'il √©tait triple-vaccin√©, parce que mort √† 57 ans quand m√™me ?
Toi de ce c√¥t√©, tu risques rien, je parie √† 1000 contre 1 que tu t'es pas inject√© ces poisons (Jean Lassalle t'a d√©nonc√©).",1610201370551894016,1598652615520387076,,Paul Verlain
Tue Jan 03 08:40:12 +0000 2023,"@Jean_Asia_ @feroce_rino @Manganet @JeromeMouton1er @Unknown08631704 @CitaroCapacityL @GATEJohn6 @fredericrahan @ThierryTycer01 @JeanRobinMedia @Hydrus606 @Rob__EDELJI @BarberBarbara3 @Nostromo195 @KrangsPants @Lebannichanceux @Yesmacron1 @KhristosPhorein @monster_kning @sageliberal @feliciteaussi @shitpostlitique @Ovikaps1 @Antijupiter4ter @Areck95 @Christo87583727 @botliberalisme @manfroy_gerard @RNJ49 @Kryptomangane @chris_joujou @onlypotstill @BobLeBoulonnais @RollingBulb @pravdamane @_Pol__Pot Comment tu sais que tous les candidats avaient des casseroles ?
J'ai pas souvenir d'avoir entendu parler de casseroles concernant Poutou, Arthaud ou Lassalle.",1610194303627714562,1194620705557696512,France,bs Zk
Tue Jan 03 08:13:24 +0000 2023,@hueteve49 Bonne journ√©e √† vous. Pour √™tre claire j'aurais davantage tendance √† voter pour des tendances politiques mod√©r√©es comme Asselineau par exemple ou jean Lassalle pour d√©fendre le peuple. De la part de Carole Vaucluse,1610187558012477446,1073884858122948608,"Avignon, France",Chateau
Tue Jan 03 05:54:16 +0000 2023,"RT @DuSi03837287: Puisque ce tweet a √©t√© supprim√©, je le retweete :
Jean Lassalle \"ce vaccin a failli me tuer\" https://t.co/kbXpJb3Neb",1610152546579906560,961248295371845633,"Choisy-le-Roi, France",oulmi malik
Tue Jan 03 04:36:35 +0000 2023,"RT @LucLeleux: √âcoutez cet homme, il est Grand! Meilleurs v≈ìux √† vous Mr @jeanlassalle 
Jean Lassalle | Le syst√®me vers le malheur https://‚Ä¶",1610132993003368448,303411525,,denis malice
Tue Jan 03 01:50:52 +0000 2023,"RT @DuSi03837287: Puisque ce tweet a √©t√© supprim√©, je le retweete :
Jean Lassalle \"ce vaccin a failli me tuer\" https://t.co/kbXpJb3Neb",1610091290653298690,1411354392624832513,,Chltin
Mon Jan 02 23:47:49 +0000 2023,@LaureGonlezamar Jean Lassalle,1610060325159849984,1118475913673498625,,Rose rouge
Mon Jan 02 23:26:12 +0000 2023,"RT @LucLeleux: √âcoutez cet homme, il est Grand! Meilleurs v≈ìux √† vous Mr @jeanlassalle 
Jean Lassalle | Le syst√®me vers le malheur https://‚Ä¶",1610054885797494784,236388946,Planete Terre,LeVeilleurFranc üá´üá∑
Mon Jan 02 21:33:43 +0000 2023,"RT @DuSi03837287: Puisque ce tweet a √©t√© supprim√©, je le retweete :
Jean Lassalle \"ce vaccin a failli me tuer\" https://t.co/kbXpJb3Neb",1610026576590127104,1585707728432939009,"Bayonne, France",üí§ Jean Bon üí§
Mon Jan 02 21:12:17 +0000 2023,"RT @LucLeleux: √âcoutez cet homme, il est Grand! Meilleurs v≈ìux √† vous Mr @jeanlassalle 
Jean Lassalle | Le syst√®me vers le malheur https://‚Ä¶",1610021183700828169,300583736,,THIBAUT ü¶Öüïäüí´
Mon Jan 02 20:51:11 +0000 2023,"RT @DuSi03837287: Puisque ce tweet a √©t√© supprim√©, je le retweete :
Jean Lassalle \"ce vaccin a failli me tuer\" https://t.co/kbXpJb3Neb",1610015871774097408,1479536432213635077,Provence-Alpes-C√¥te d'Azur,HOSY Carine
Mon Jan 02 19:43:33 +0000 2023,"@AntoineFarin @BOROWSKIMIKE On esp√®re donc que vous √™tes copieusement vaccin√© selon vos souhaits, donc hyperprot√©g√©, et que vous ne transmettrez pas de virus aux autres‚Ä¶.h√© bien , bonne suite‚Ä¶! Et demandez √† Jean Lassalle op√©r√© du c≈ìur 4 fois cette ann√©e,ce qu‚Äôil pense des effets secondaires‚Ä¶",1609998852622540800,782465987589332992,,Miminedejuin
Mon Jan 02 19:36:04 +0000 2023,"RT @DuSi03837287: Puisque ce tweet a √©t√© supprim√©, je le retweete :
Jean Lassalle \"ce vaccin a failli me tuer\" https://t.co/kbXpJb3Neb",1609996970415775746,1510579754650460165,France,Annie EME
Mon Jan 02 18:37:06 +0000 2023,"@LeaFbpe @MLP_officiel @JLMelenchon Surtout que Macron et son GVT de pieds nickel√©s ne sont pas \" vaccin√©s \" voir les d√©clarations public non contest√©s de Jean Lassalle , de +ce traitement ne prot√®ge ni de le transmettre ,ni de de d'avoir ce Covid , donc nul sauf pour les cas de comorbidit√© , comme prouv√© de + en +",1609982131563905025,2217715976,,detrez laurent
Mon Jan 02 17:06:00 +0000 2023,"RT @LucLeleux: √âcoutez cet homme, il est Grand! Meilleurs v≈ìux √† vous Mr @jeanlassalle 
Jean Lassalle | Le syst√®me vers le malheur https://‚Ä¶",1609959202197311492,1436052243346829314,"Essonne, Ile-de-France",MamaKaya
Mon Jan 02 16:16:01 +0000 2023,"RT @LucLeleux: √âcoutez cet homme, il est Grand! Meilleurs v≈ìux √† vous Mr @jeanlassalle 
Jean Lassalle | Le syst√®me vers le malheur https://‚Ä¶",1609946625765527552,954542503,"Ile-de-France, France",flyingjames
Mon Jan 02 16:05:20 +0000 2023,"RT @LucLeleux: √âcoutez cet homme, il est Grand! Meilleurs v≈ìux √† vous Mr @jeanlassalle 
Jean Lassalle | Le syst√®me vers le malheur https://‚Ä¶",1609943936713523201,1518955774495666178,,Phallene Tigris2
Mon Jan 02 15:14:08 +0000 2023,"RT @LucLeleux: √âcoutez cet homme, il est Grand! Meilleurs v≈ìux √† vous Mr @jeanlassalle 
Jean Lassalle | Le syst√®me vers le malheur https://‚Ä¶",1609931050381201417,4364510313,,MrB
Mon Jan 02 15:08:20 +0000 2023,"RT @Rubis34762605: @jeanlassalle üüß Cher Jean Lassalle
Merci pour vos v≈ìux 2023,
Tous mes v≈ìux pour vous,
VOUS qui √™tes La VOiX de la FRANCE‚Ä¶",1609929593531629568,1247632174481899520,,Le d√©but de la fin... üëÄ
Mon Jan 02 14:24:55 +0000 2023,"RT @LucLeleux: √âcoutez cet homme, il est Grand! Meilleurs v≈ìux √† vous Mr @jeanlassalle 
Jean Lassalle | Le syst√®me vers le malheur https://‚Ä¶",1609918666660782081,399333365,LIXHEIM,STAUB
Mon Jan 02 14:12:34 +0000 2023,"RT @DuSi03837287: Puisque ce tweet a √©t√© supprim√©, je le retweete :
Jean Lassalle \"ce vaccin a failli me tuer\" https://t.co/kbXpJb3Neb",1609915559604281345,845912235075682304,"Paris, France",Aellena Egon
Mon Jan 02 12:09:43 +0000 2023,"RT @DuSi03837287: Puisque ce tweet a √©t√© supprim√©, je le retweete :
Jean Lassalle \"ce vaccin a failli me tuer\" https://t.co/kbXpJb3Neb",1609884641703378950,1099240962,,burgener eric
Mon Jan 02 11:25:58 +0000 2023,"RT @DKroukopf: @prisca_aptel @f_philippot ...pas anguille sous roche mais aiguille sous cloche , demandez √† Jean Lassalle... https://t.co/I‚Ä¶",1609873631869538306,209644303,"BAMAKO , MALI , WEST AFRICA",TIVIER Micha√´l
Mon Jan 02 10:50:10 +0000 2023,"RT @jeanlassalle: Jean Lassalle : le syst√®me vers le malheur. Disponible sur YouTube. 
‚û°Ô∏è https://t.co/bUxG3uqowu ‚¨ÖÔ∏è",1609864624110804994,1059504607108440065,,Julien Vedel
Mon Jan 02 10:42:18 +0000 2023,"√âcoutez cet homme, il est Grand! Meilleurs v≈ìux √† vous Mr @jeanlassalle 
Jean Lassalle | Le syst√®me vers le malheur https://t.co/McjaPcqmdF via @YouTube",1609862643975688192,1378233798228328450,"Paris, France",Luc LELEUX
Mon Jan 02 08:41:19 +0000 2023,"@E2Villiers Tous vaccin√©s √ßa reste √† prouver, je n'ai pas entendu beaucoup de r√©actions apr√®s les d√©clarations de Jean Lassalle, au contraire ü§î",1609832196344369152,1519031053175988230,,C Bastien
Mon Jan 02 08:08:54 +0000 2023,"RT @jeanlassalle: Jean Lassalle : le syst√®me vers le malheur. Disponible sur YouTube. 
‚û°Ô∏è https://t.co/bUxG3uqowu ‚¨ÖÔ∏è",1609824038901403649,68376084,Toulouse,Bernard Schmitt
Mon Jan 02 08:06:12 +0000 2023,@jeanlassalle Merci M. Jean Lassalle.,1609823360208322561,1421178985099182081,,Cave Lemurem
Mon Jan 02 06:14:43 +0000 2023,RT @BoCarnot: @PChaibriant @cestrosi @EmmanuelMacron Expliquez-nous pourquoi Jean Lassalle d√©clare que vous n'√™tes pas vaccin√© et qu'il n'a‚Ä¶,1609795303032356864,1391974237,,Damiot Robert
Mon Jan 02 05:36:17 +0000 2023,RT @BoCarnot: @PChaibriant @cestrosi @EmmanuelMacron Expliquez-nous pourquoi Jean Lassalle d√©clare que vous n'√™tes pas vaccin√© et qu'il n'a‚Ä¶,1609785632401801218,1070233633682804742,,patrice362
Sun Jan 01 23:49:48 +0000 2023,"@Arkunir Jean Lassalle renverse le pouvoir √† l'aide d'une arm√©e d'ours, Mohamed Henni devient pr√©sident de l'OM, √™tre platiste devient ill√©gal, Elon Musk devient pr√©sident du monde, @Arkunir ratio @elonmusk une seconde fois avant de le ratio √† son tour.",1609698434361032705,1487509330316468230,,BluMonky
Sun Jan 01 23:20:41 +0000 2023,"RT @benoitm_mtl: Idem au Qu√©bec? vous en pensez quoi? ü§î

üëâ¬´ Je ne savais pas non plus que monsieur Macron n'√©tait pas vaccin√©... que la plu‚Ä¶",1609691108279259136,1531252552179793920,,vx800
Sun Jan 01 22:14:54 +0000 2023,"RT @DuSi03837287: Puisque ce tweet a √©t√© supprim√©, je le retweete :
Jean Lassalle \"ce vaccin a failli me tuer\" https://t.co/kbXpJb3Neb",1609674552698720259,2289817950,Loire,Pour un √©tat de droit üá´üá∑ 42
Sun Jan 01 22:07:07 +0000 2023,"RT @DuSi03837287: Puisque ce tweet a √©t√© supprim√©, je le retweete :
Jean Lassalle \"ce vaccin a failli me tuer\" https://t.co/kbXpJb3Neb",1609672595497959426,1237885434614755328,"Aquitaine, France",Missespickel(40)
Sun Jan 01 21:53:21 +0000 2023,"RT @DuSi03837287: Puisque ce tweet a √©t√© supprim√©, je le retweete :
Jean Lassalle \"ce vaccin a failli me tuer\" https://t.co/kbXpJb3Neb",1609669131283955714,1455252942538346500,,Petry Kevin
Sun Jan 01 21:17:01 +0000 2023,"@LaVieDeChatTot @DeBunKerEtoiles Poutou, Jadot , Hidalgo, Zemmour, Arthaud et m√™me.....jean Lassalle ont eu leurs 500 signatures ü§£ü§£ü§£il y a un moment o√π il faudrait redescendre sur terre , s'il n'a pas eu ses signatures, c'est juste parce qu'il est compl√®tement jet√© et inapte",1609659988091490304,771485383834165248,somewhere over the raimbow,ùêíùê§ùêöùê•ùê©ùêûùê•
Sun Jan 01 20:27:46 +0000 2023,RT @BoCarnot: @PChaibriant @cestrosi @EmmanuelMacron Expliquez-nous pourquoi Jean Lassalle d√©clare que vous n'√™tes pas vaccin√© et qu'il n'a‚Ä¶,1609647594086490117,4518061571,pau,Opoldsud64
Sun Jan 01 20:07:38 +0000 2023,"RT @benoitm_mtl: Idem au Qu√©bec? vous en pensez quoi? ü§î

üëâ¬´ Je ne savais pas non plus que monsieur Macron n'√©tait pas vaccin√©... que la plu‚Ä¶",1609642525966434306,401369106,Pays Qu√©bec,Louise Ballard
Sun Jan 01 19:44:52 +0000 2023,"RT @benoitm_mtl: Idem au Qu√©bec? vous en pensez quoi? ü§î

üëâ¬´ Je ne savais pas non plus que monsieur Macron n'√©tait pas vaccin√©... que la plu‚Ä¶",1609636794953355264,148344461,Entre Montr√©al et St-Donat,Jean-Pierre Matte
Sun Jan 01 19:11:51 +0000 2023,"RT @benoitm_mtl: Idem au Qu√©bec? vous en pensez quoi? ü§î

üëâ¬´ Je ne savais pas non plus que monsieur Macron n'√©tait pas vaccin√©... que la plu‚Ä¶",1609628487060721664,740113284850933761,dictature macronienne,Rems citoyen en r√©flexion
Sun Jan 01 19:11:50 +0000 2023,"RT @DuSi03837287: Puisque ce tweet a √©t√© supprim√©, je le retweete :
Jean Lassalle \"ce vaccin a failli me tuer\" https://t.co/kbXpJb3Neb",1609628484179042306,1490998005524221957,,Joy nad
Sun Jan 01 19:05:12 +0000 2023,"RT @claudiatavare75: Comme Jean Lassalle, j'avais d√©nonc√©  les agissements de El Satan√°s (photo en bas) en 2019 et il resta silencieux.Qui‚Ä¶",1609626812489043968,1896310374,France,üå∏Anne Farmer üêæFripou üá´üá∑ üïá
Sun Jan 01 18:54:50 +0000 2023,"@_20_100 Et je suis certaine que cet homme n'est pas vaccin√© non plus, le pauvre Jean Lassalle en a fait les frais de les croire et il a appris que Mac'Ronds ne l'√©tait pas non plus!!! üò°üò°üò°üò±ü§Æüôèüôèüôè",1609624205137436673,1347604397203857409,France,Iris 1164
Sun Jan 01 17:43:08 +0000 2023,"RT @DuSi03837287: Puisque ce tweet a √©t√© supprim√©, je le retweete :
Jean Lassalle \"ce vaccin a failli me tuer\" https://t.co/kbXpJb3Neb",1609606161598136328,1181199525425373185,,üá´üá∑‚ôüMat√©o1384‚ôüüá´üá∑üá™üá¶‚úùÔ∏è
Sun Jan 01 17:42:58 +0000 2023,"RT @DuSi03837287: Puisque ce tweet a √©t√© supprim√©, je le retweete :
Jean Lassalle \"ce vaccin a failli me tuer\" https://t.co/kbXpJb3Neb",1609606117667254272,1587757618210250755,,Party Marie
Sun Jan 01 17:36:15 +0000 2023,"RT @DuSi03837287: Puisque ce tweet a √©t√© supprim√©, je le retweete :
Jean Lassalle \"ce vaccin a failli me tuer\" https://t.co/kbXpJb3Neb",1609604428067110914,2998405889,,le manchot
Sun Jan 01 17:34:30 +0000 2023,Vaccin covid : Jean Lassalle vous r√©pond en direct https://t.co/VLkCHBTcFR via @YouTube,1609603987480649729,2987004695,,pascalpriori
Sun Jan 01 17:20:52 +0000 2023,"RT @SchmerChris: Jean Lassalle balance sur NTD : \"J'ai failli mourir avec le vaccin Johnson. Je ne savais pas que M. Macron n'√©tait pas vac‚Ä¶",1609600557186179072,996787594401931264,,Jo√´lle
Sun Jan 01 16:53:17 +0000 2023,"RT @DuSi03837287: Puisque ce tweet a √©t√© supprim√©, je le retweete :
Jean Lassalle \"ce vaccin a failli me tuer\" https://t.co/kbXpJb3Neb",1609593617915564033,1388542275039416320,,Vargas Lola
Sun Jan 01 16:47:42 +0000 2023,"RT @DuSi03837287: Puisque ce tweet a √©t√© supprim√©, je le retweete :
Jean Lassalle \"ce vaccin a failli me tuer\" https://t.co/kbXpJb3Neb",1609592212534198275,1518322442594365447,,N'es Nrs
Sun Jan 01 16:28:33 +0000 2023,"@jeanlassalle üüß Cher Jean Lassalle
Merci pour vos v≈ìux 2023,
Tous mes v≈ìux pour vous,
VOUS qui √™tes La VOiX de la FRANCE R√âSiSTANTE.

La R√âSiSTANCE
-√† tous les VENTS
-√† tous les DOGMES
-√† toutes les iD√âOLOGiES
-√† tous les CORRUPTEURS
-√† toutes les FACiLiT√âS.

Vous √™tes La FRANCE  du BON SENS.",1609587392964444164,1324440747257593856,üá®üáµ,Rubis üá®üáµ
Sun Jan 01 15:36:39 +0000 2023,RT @BoCarnot: @PChaibriant @cestrosi @EmmanuelMacron Expliquez-nous pourquoi Jean Lassalle d√©clare que vous n'√™tes pas vaccin√© et qu'il n'a‚Ä¶,1609574328797958146,795670840759160832,,semalou
Sun Jan 01 15:34:46 +0000 2023,"RT @DuSi03837287: Puisque ce tweet a √©t√© supprim√©, je le retweete :
Jean Lassalle \"ce vaccin a failli me tuer\" https://t.co/kbXpJb3Neb",1609573857697857541,1596097605326585857,,Christine T√©qui
Sun Jan 01 14:55:25 +0000 2023,RT @BoCarnot: @PChaibriant @cestrosi @EmmanuelMacron Expliquez-nous pourquoi Jean Lassalle d√©clare que vous n'√™tes pas vaccin√© et qu'il n'a‚Ä¶,1609563954602180610,1437687342018465794,,Meunier Marie
Sun Jan 01 14:50:46 +0000 2023,"RT @GRAZIANILaetiza: @philippeherlin Macron : Faites ce que je dis, pas ce que je fais.
Le d√©put√© Jean Lassalle a r√©v√©l√© que macron n'est P‚Ä¶",1609562783892525057,1417040739981316097,,gmf
Sun Jan 01 13:33:07 +0000 2023,"RT @DuSi03837287: Puisque ce tweet a √©t√© supprim√©, je le retweete :
Jean Lassalle \"ce vaccin a failli me tuer\" https://t.co/kbXpJb3Neb",1609543242088939520,1377697375,,Tony Da Costa
Sun Jan 01 13:18:42 +0000 2023,"RT @DuSi03837287: Puisque ce tweet a √©t√© supprim√©, je le retweete :
Jean Lassalle \"ce vaccin a failli me tuer\" https://t.co/kbXpJb3Neb",1609539612887728128,1564921583344521216,France,Adele BlancSec
Sun Jan 01 13:11:36 +0000 2023,"RT @serenaelissi: S√©rieusement, qui peut imaginer Mitterrand ou Jospin se mettre en sc√®ne comme √ßa ?
Pas √©tonnant que le PS soit pass√© de p‚Ä¶",1609537825908604929,337089450,"Auvergne, France",David Le David
Sun Jan 01 13:11:32 +0000 2023,"RT @DuSi03837287: Puisque ce tweet a √©t√© supprim√©, je le retweete :
Jean Lassalle \"ce vaccin a failli me tuer\" https://t.co/kbXpJb3Neb",1609537808804319233,2190210071,Bouches-du-Rh√¥ne,Sab Sab
Sun Jan 01 12:29:48 +0000 2023,"@CoirDany @BrunoLeMaire Dit l'activiste fan de marine le pen
Dupont Aignan et Jean Lassalle",1609527309635289088,1458888837019672584,,fernand
Sun Jan 01 12:15:58 +0000 2023,@FCBSupremacy Jean Lassalle pour parler de gauche üòÇ,1609523826634928129,1211417275477057536,,a
Sun Jan 01 12:13:21 +0000 2023,"RT @DuSi03837287: Puisque ce tweet a √©t√© supprim√©, je le retweete :
Jean Lassalle \"ce vaccin a failli me tuer\" https://t.co/kbXpJb3Neb",1609523169899208708,929520541010145281,"Ile-de-France, France",cabolove
Sun Jan 01 12:05:45 +0000 2023,"Comme Jean Lassalle, j'avais d√©nonc√©  les agissements de El Satan√°s (photo en bas) en 2019 et il resta silencieux.Qui ne dit mot consent... donc que je ne diffame pas! Je relate,je d√©cris une situation v√©cue qui a port√© atteinte √† ma sant√© psychique ! https://t.co/mVY2RqCemM https://t.co/Qw3APQWKyX",1609521255190773762,863759969048567808,"Paris, France",Claudia Tavares
Sun Jan 01 11:56:55 +0000 2023,"RT @DuSi03837287: Puisque ce tweet a √©t√© supprim√©, je le retweete :
Jean Lassalle \"ce vaccin a failli me tuer\" https://t.co/kbXpJb3Neb",1609519031614046209,1526458766367105030,,Tensiometre
Sun Jan 01 11:53:12 +0000 2023,"RT @DuSi03837287: Puisque ce tweet a √©t√© supprim√©, je le retweete :
Jean Lassalle \"ce vaccin a failli me tuer\" https://t.co/kbXpJb3Neb",1609518098402447361,2280277406,"Ile-de-France, France",jojoœÜüê¢
Sun Jan 01 11:51:52 +0000 2023,Donc sur nos 2 vrais lateraux droits on a Sergi Roberto et Jean Lassalle et on se demande pourquoi le club coule ? https://t.co/KTw5ghD1qm,1609517760685424646,1554248763820081152,Psaumes 96,‚Ñôùï¶ùï™ùï†ùïùùïöùïüùïôùï† üáªüá¶
Sun Jan 01 11:44:04 +0000 2023,@AutreCon Jean Lassalle en pls,1609515800091664384,1030809754514415616,DTC,"D√©velopaspeur, le vrai ‚ú™"
Sun Jan 01 11:41:18 +0000 2023,"RT @DuSi03837287: Puisque ce tweet a √©t√© supprim√©, je le retweete :
Jean Lassalle \"ce vaccin a failli me tuer\" https://t.co/kbXpJb3Neb",1609515101861695491,874219844543098880,Nord de la France,MILOA üê¢
Sun Jan 01 11:41:06 +0000 2023,"RT @GRAZIANILaetiza: @ivanrioufol Selon le d√©put√© Jean Lassalle, macron n'est pas vaccin√©.",1609515053107105792,1488483110505304072,62,Fleur
Sun Jan 01 11:07:32 +0000 2023,"RT @DuSi03837287: Puisque ce tweet a √©t√© supprim√©, je le retweete :
Jean Lassalle \"ce vaccin a failli me tuer\" https://t.co/kbXpJb3Neb",1609506605304774656,1420554420035760133,,La r√©volution !
Sun Jan 01 10:50:58 +0000 2023,"RT @DuSi03837287: Puisque ce tweet a √©t√© supprim√©, je le retweete :
Jean Lassalle \"ce vaccin a failli me tuer\" https://t.co/kbXpJb3Neb",1609502437831843841,1574431058745085953,Somewhere in the heavens,Taranis Celtic
Sun Jan 01 10:46:17 +0000 2023,"RT @GRAZIANILaetiza: @ivanrioufol Selon le d√©put√© Jean Lassalle, macron n'est pas vaccin√©.",1609501258229882882,1475893521106276353,,AnaFe22üå∑
Sun Jan 01 10:29:58 +0000 2023,"RT @DuSi03837287: Puisque ce tweet a √©t√© supprim√©, je le retweete :
Jean Lassalle \"ce vaccin a failli me tuer\" https://t.co/kbXpJb3Neb",1609497149405798400,716993438521155584,"Syst√®me solaire, 3√®me plan√®te",Pierre Chevalier
Sun Jan 01 10:26:20 +0000 2023,@PChaibriant @cestrosi @EmmanuelMacron Expliquez-nous pourquoi Jean Lassalle d√©clare que vous n'√™tes pas vaccin√© et qu'il n'a pas √©t√© d√©menti ?,1609496235655983105,803115115197427712,,Lucile Durand
Sun Jan 01 10:16:34 +0000 2023,mauvaise ann√©e qui commence je viens de croiser Jean lassalle,1609493780968644609,744446578887434242,,cl√©cl√©
Sun Jan 01 10:13:10 +0000 2023,@EnModeMacaron @justelebonsens J'en parlerai bien avec Jean Lassalle : Est-elle vaccin√©e en vrai ou pour de faux comme la plupart ?,1609492924282146816,813067532173250560,,Eug√®ne Portraidarüîª
Sun Jan 01 09:45:50 +0000 2023,"RT @serenaelissi: S√©rieusement, qui peut imaginer Mitterrand ou Jospin se mettre en sc√®ne comme √ßa ?
Pas √©tonnant que le PS soit pass√© de p‚Ä¶",1609486043610324993,361881477,France,Francois Mendy‚≠êÔ∏è‚≠êÔ∏è
Sun Jan 01 09:43:08 +0000 2023,"RT @jeanlassalle: Jean Lassalle : le syst√®me vers le malheur. Disponible sur YouTube. 
‚û°Ô∏è https://t.co/bUxG3uqowu ‚¨ÖÔ∏è",1609485364439420928,608098515,,Bridahu üá´üá∑ üá®üá≠
Sun Jan 01 09:20:46 +0000 2023,@antlaurent @leJDD Jean Lassalle peut parfois √™tre de bon conseil. https://t.co/zIlCbwPQbN,1609479738376220672,1369266267169955840,"Occitanie, France",Yusuf Rachid
Sun Jan 01 08:56:13 +0000 2023,"RT @DuSi03837287: Puisque ce tweet a √©t√© supprim√©, je le retweete :
Jean Lassalle \"ce vaccin a failli me tuer\" https://t.co/kbXpJb3Neb",1609473559788769280,1518965708641681408,,jean pierre Bonin
Sun Jan 01 08:55:43 +0000 2023,"S√©rieusement, qui peut imaginer Mitterrand ou Jospin se mettre en sc√®ne comme √ßa ?
Pas √©tonnant que le PS soit pass√© de pouvoir gagner une √©lection pr√©sidentielle √† 1,7% derri√®re Jean Lassalle. 
Un peu de dignit√© √ßa vous ferait pas de mal les socialistes‚Ä¶ https://t.co/0FLexF9Was",1609473432487628801,1526957658586107906,,Serena üá´üá∑üá¨üáß
Sun Jan 01 08:26:21 +0000 2023,"@philippeherlin Il a dit √ßa ?

Pourtant selon Jean Lassalle, lui-m√™me n'est pas vaccin√© üòÖ",1609466040211369987,1163569106022490112,,Sarah
Sun Jan 01 08:18:53 +0000 2023,"RT @DuSi03837287: Puisque ce tweet a √©t√© supprim√©, je le retweete :
Jean Lassalle \"ce vaccin a failli me tuer\" https://t.co/kbXpJb3Neb",1609464163868319751,1498325577857650694,,Gunther Hartmannwiller
Sun Jan 01 07:54:55 +0000 2023,RT @Ratondufutur: @JackyMICHAUD1 @Carene1984 @KalinkaPolska J'aimerais essayer la d√©mocratie semi directe comme en Suisse. R√©f√©rendum d'ini‚Ä¶,1609458131503026176,1458866135919734788,loiret,Jacky MICHAUD
Sun Jan 01 07:37:31 +0000 2023,"@JackyMICHAUD1 @Carene1984 @KalinkaPolska J'aimerais essayer la d√©mocratie semi directe comme en Suisse. R√©f√©rendum d'initiative populaire et votations.
C'est pour cela que j'ai vot√© Jean Lassalle.
Les fran√ßais devraient reprendre leurs responsabilit√©s et ne plus se mettre sous tutelle eux m√™me.",1609453751462502402,1458475901130362883,,Raton Laveur Du Futur
Sun Jan 01 07:26:02 +0000 2023,"@NathanAbou C‚Äôest Twitter qui fait √ßa. Vous auriez dit un mot sympa sur Macron, Le Pen, Poutou ou m√™me Jean Lassalle, vous vous seriez fait troller par les communaut√©s opposantes respectives‚Ä¶",1609450863394754560,1373374892205355009,,Dracuchat
Sun Jan 01 04:32:39 +0000 2023,"RT @DuSi03837287: Puisque ce tweet a √©t√© supprim√©, je le retweete :
Jean Lassalle \"ce vaccin a failli me tuer\" https://t.co/kbXpJb3Neb",1609407230570336256,732149586828087296,"Marseille, France",MonpetiZdoiZmadiZ
Sun Jan 01 03:44:26 +0000 2023,"Prudence ! On rel√®ve une forte vague dans les p√©riodes de fortes turbulences de l'arnaque au pervers narcissique astigmate qui brade une fus√©e que voudrait r√©cup√©rer Jean Lassalle. Soyez vigilants !
---
#bot",1609395096583278596,147012471,"Vallet, France",Alerte Arnaque en cours !
Sun Jan 01 03:13:10 +0000 2023,"RT @DuSi03837287: Puisque ce tweet a √©t√© supprim√©, je le retweete :
Jean Lassalle \"ce vaccin a failli me tuer\" https://t.co/kbXpJb3Neb",1609387226328174593,923925149736456192,,Basile
Sun Jan 01 02:56:36 +0000 2023,"RT @DuSi03837287: Puisque ce tweet a √©t√© supprim√©, je le retweete :
Jean Lassalle \"ce vaccin a failli me tuer\" https://t.co/kbXpJb3Neb",1609383056795631617,1405791087785091074,,Bontemps Alain
Sun Jan 01 00:23:53 +0000 2023,"RT @jeanlassalle: Jean Lassalle : le syst√®me vers le malheur. Disponible sur YouTube. 
‚û°Ô∏è https://t.co/bUxG3uqowu ‚¨ÖÔ∏è",1609344626103824384,806246987787968512,C√¥te d'Azur et Corse,Didier CODANI ŸÜ
Sun Jan 01 00:10:22 +0000 2023,"RT @DuSi03837287: Puisque ce tweet a √©t√© supprim√©, je le retweete :
Jean Lassalle \"ce vaccin a failli me tuer\" https://t.co/kbXpJb3Neb",1609341225303252992,1606624726918520835,,Jean-Luc DU PREY
Sun Jan 01 00:04:24 +0000 2023,"RT @DuSi03837287: Puisque ce tweet a √©t√© supprim√©, je le retweete :
Jean Lassalle \"ce vaccin a failli me tuer\" https://t.co/kbXpJb3Neb",1609339722823770118,1335664350120595456,,Lassalle Chantal
Sun Jan 01 00:03:23 +0000 2023,"RT @DuSi03837287: Puisque ce tweet a √©t√© supprim√©, je le retweete :
Jean Lassalle \"ce vaccin a failli me tuer\" https://t.co/kbXpJb3Neb",1609339465243267079,1329477878837284867,,latreille elisabeth
Sun Jan 01 00:02:12 +0000 2023,RT @TakeHeight: @assosanspass @verity_france Juste un rappel qui tombe √† pic suite aux d√©clarations de Mr Jean Lassalle toujours  pas √©t√© a‚Ä¶,1609339169066680320,4874996235,,melodie
Sat Dec 31 23:18:53 +0000 2022,"RT @GRAZIANILaetiza: @philippeherlin Macron : Faites ce que je dis, pas ce que je fais.
Le d√©put√© Jean Lassalle a r√©v√©l√© que macron n'est P‚Ä¶",1609328268028649476,1461429029366644743,,Flore Sol
Sat Dec 31 22:35:37 +0000 2022,"RT @jeanlassalle: Jean Lassalle : le syst√®me vers le malheur. Disponible sur YouTube. 
‚û°Ô∏è https://t.co/bUxG3uqowu ‚¨ÖÔ∏è",1609317379263156225,1375385016532881421,France,L&L
Sat Dec 31 22:32:45 +0000 2022,"RT @SchmerChris: Jean Lassalle balance sur NTD : \"J'ai failli mourir avec le vaccin Johnson. Je ne savais pas que M. Macron n'√©tait pas vac‚Ä¶",1609316658434252800,1274839437768261634,,Louis-Marie Long
Sat Dec 31 22:32:08 +0000 2022,"@philippeherlin Macron : Faites ce que je dis, pas ce que je fais.
Le d√©put√© Jean Lassalle a r√©v√©l√© que macron n'est PAS vaccin√©. Pas si b√™te.",1609316503446327309,1514178762379862019,"Sud, Occitanie",Laetizia GRAZIANI
